Name,Description,Location,Established,Area,Annual_Visitors,Latitude,Longitude,AllTrails URL,Map Link,Map Type
Acadia,"Known for its rocky coastline, diverse trails, and Cadillac Mountain, the highest point on the U.S. East Coast. Covering most of Mount Desert Island and other coastal islands, Acadia features the tallest mountain on the Atlantic coast of the United States, granite peaks, ocean shoreline, woodlands, and lakes. There are freshwater, estuary, forest, and intertidal habitats.[13][14]","44.35,-68.21","February 26, 1919","49,071.40 acres (198.6 km2)",3970260,44.35,-68.21,https://www.alltrails.com/parks/us/maine/acadia-national-park,https://www.nps.gov/media/photo/collection-item.htm?pg=7323739&cid=305fb7af-a71b-469b-941e-a98b439c882f&id=1cd3d4aa-098b-47d3-94fd-85ff6f09dd95&sid=970f5fb5-9f0e-41fc-be95-7f8cd56c2a98&p=1&sort=relevance | https://www.nps.gov/media/photo/collection-item.htm?pg=7323739&cid=305fb7af-a71b-469b-941e-a98b439c882f&id=c1d90731-8b77-4740-9ed2-98f94298b986&sid=970f5fb5-9f0e-41fc-be95-7f8cd56c2a98&p=1&sort=relevance | https://www.nps.gov/media/photo/collection-item.htm?pg=7323739&cid=305fb7af-a71b-469b-941e-a98b439c882f&id=d525b116-93e8-4dd9-b489-2f273b3bc39d&sid=970f5fb5-9f0e-41fc-be95-7f8cd56c2a98&p=1&sort=relevance | https://www.nps.gov/media/photo/collection-item.htm?pg=7323739&cid=305fb7af-a71b-469b-941e-a98b439c882f&id=132ea4e6-d44e-4b39-8b10-b0736881a693&sid=970f5fb5-9f0e-41fc-be95-7f8cd56c2a98&p=1&sort=relevance,Multiple Park Maps
American Samoa,"Remote tropical rainforest with pristine beaches, coral reefs, and Samoan culture. Great for snorkeling and birdwatching. The southernmost national park is on three Samoan islands in the South Pacific. It protects coral reefs, rainforests, volcanic mountains, and white beaches. The area is also home to flying foxes, brown boobies, sea turtles, and 900 species of fish.[15]","-14.25,-170.68","October 31, 1988","8,256.67 acres (33.4 km2)",12135,-14.25,-170.68,https://www.alltrails.com/parks/american-samoa/national-park-of-american-samoa,https://www.nps.gov/media/photo/collection-item.htm?pg=7323739&cid=305fb7af-a71b-469b-941e-a98b439c882f&id=58b16aee-da36-4476-8a1e-5dedb87267fb&sid=fffb07a3-2679-422b-8101-002808988853&p=1&sort=relevance | https://www.nps.gov/media/photo/collection-item.htm?pg=7323739&cid=305fb7af-a71b-469b-941e-a98b439c882f&id=0e3794e8-0012-4706-9453-c570db38f886&sid=fffb07a3-2679-422b-8101-002808988853&p=1&sort=relevance | https://www.nps.gov/media/photo/collection-item.htm?pg=7323739&cid=305fb7af-a71b-469b-941e-a98b439c882f&id=14357be2-4ffc-4d0f-a38f-27bfda28b35f&sid=fffb07a3-2679-422b-8101-002808988853&p=1&sort=relevance,Multiple Park Maps
Arches,"Famous for over 2,000 natural stone arches, red rock landscapes, and challenging trails like Devil's Garden. This site features more than 2,000 natural sandstone arches, with some of the most popular arches in the park being Delicate Arch, Landscape Arch and Double Arch.[16] Millions of years of erosion have created these structures in a desert climate where the arid ground has life-sustaining biological soil crusts and potholes that serve as natural water-collecting basins. Other geologic formations include stone pinnacles, fins, and balancing rocks.[17]","38.68,-109.57","November 12, 1971","76,678.98 acres (310.3 km2)",1460652,38.68,-109.57,https://www.alltrails.com/parks/us/utah/arches-national-park,https://www.nps.gov/media/photo/collection-item.htm?pg=7323739&cid=305fb7af-a71b-469b-941e-a98b439c882f&id=6aefc09f-6995-41df-abf6-54896840430d&sid=fd1c8d80-3025-47cc-927a-fdc5d3d55acf&p=1&sort=relevance,Park Map
Badlands,"Rugged geologic formations, scenic views, and bison herds. Popular for camping and backcountry hiking. The Badlands are a collection of buttes, pinnacles, spires, and mixed-grass prairies within the drainage basin of the White River, in southwestern South Dakota. They contain the largest known assemblage of late Eocene and Oligocene mammal fossils.[18] Wildlife includes bison, bighorn sheep, black-footed ferrets, and prairie dogs.[19]","43.75,-102.50","November 10, 1978","242,755.94 acres (982.4 km2)",1006809,43.75,-102.5,https://www.alltrails.com/parks/us/south-dakota/badlands-national-park,https://www.nps.gov/media/photo/collection-item.htm?pg=7323739&cid=305fb7af-a71b-469b-941e-a98b439c882f&id=0dcec1e8-2033-4c6c-902e-0598aa07e7e7&sid=f3267ad0-b21f-4bd9-ba15-f5f99fda2612&p=1&sort=relevance,Park Map
Big Bend,"Diverse ecosystems with desert, river, and mountain scenery. Known for its remote camping and hiking trails. Named for the prominent bend in the Rio Grande along the U.S.–Mexico border, this park encompasses a large and remote part of the Chihuahuan Desert. Its main attraction is backcountry recreation in the arid Chisos Mountains and in canyons along the river. A wide variety of Cretaceous and Tertiary fossils as well as cultural artifacts of Native Americans also exist within its borders.[20] (BR)[21]","29.25,-103.25","June 12, 1944","801,163.21 acres (3,242.2 km2)",514107,29.25,-103.25,https://www.alltrails.com/parks/us/texas/big-bend-national-park,https://www.nps.gov/media/photo/collection-item.htm?pg=7323739&cid=305fb7af-a71b-469b-941e-a98b439c882f&id=a1647b7e-fdee-4350-891a-afbd28331d1c&sid=37f6c99b-3df4-43b8-bd7f-b72cc502a603&p=1&sort=relevance,Park Map
Biscayne,"Mostly underwater, with opportunities for snorkeling, boating, and exploring coral reefs and mangroves. The central part of Biscayne Bay, this mostly underwater park at the north end of the Florida Keys has four interrelated marine ecosystems: mangrove forest, the Bay, the Keys, and coral reefs. Threatened animals include the West Indian manatee, American crocodile, various sea turtles, and the peregrine falcon.[22]","25.65,-80.08","June 28, 1980","172,971.11 acres (700.0 km2)",701023,25.65,-80.08,https://www.alltrails.com/parks/us/florida/biscayne-national-park,https://www.nps.gov/media/photo/collection-item.htm?pg=7323739&cid=305fb7af-a71b-469b-941e-a98b439c882f&id=17a58f6c-3201-460b-8dd7-e69be6860896&sid=a9b0eb59-21d5-4ddb-88fa-98de97c3bb1b&p=1&sort=relevance,Park Map
Black Canyon of the Gunnison,"Features steep, narrow canyons with dramatic cliffs, rock climbing, and remote hiking options. The park protects a quarter of the Gunnison River, which slices sheer canyon walls from dark Precambrian-era rock. The canyon features some of the steepest cliffs and oldest rock in North America, and is a popular site for river rafting and rock climbing. The deep, narrow canyon is composed of gneiss and schist, which appears black when in shadow.[23]","38.57,-107.72","October 21, 1999","30,779.83 acres (124.6 km2)",297257,38.57,-107.72,https://www.alltrails.com/parks/us/colorado/black-canyon-of-the-gunnison-national-park,https://www.nps.gov/media/photo/collection-item.htm?pg=7323739&cid=305fb7af-a71b-469b-941e-a98b439c882f&id=4c4ee03f-0ebb-4650-8001-6cd07a6bf6f4&sid=2ec6427a-5ea7-43b5-9b01-63eff5d6d43e&p=1&sort=relevance,Park Map
Bryce Canyon,"Known for its unique hoodoo rock formations, offering scenic overlooks and various hiking trails. Bryce Canyon is a geological amphitheater on southern Utah's Paunsaugunt Plateau with hundreds of tall, multicolored sandstone hoodoos formed by erosion. The region was originally settled by Native Americans and later by Mormon pioneers.[24]","37.57,-112.18","February 25, 1928","35,835.08 acres (145.0 km2)",2354660,37.57,-112.18,https://www.alltrails.com/parks/us/utah/bryce-canyon-national-park,https://www.nps.gov/media/photo/collection-item.htm?pg=7323739&cid=305fb7af-a71b-469b-941e-a98b439c882f&id=7f36e7a7-d1ef-4cea-95e4-3cff345c0574&sid=1a381e42-6a9b-4b65-a6bd-12c391ea2646&p=1&sort=relevance,Park Map
Canyonlands,"Red rock canyons and pinnacles with rugged trails for advanced hikers and mountain bikers. This landscape was eroded into a maze of canyons, buttes, and mesas by the combined efforts of the Colorado River, Green River, and their tributaries, which divide the park into three districts. The park contains thousands of rock pinnacles and arches, as well as artifacts from Ancient Pueblo peoples.[25]","38.2,-109.93","September 12, 1964","337,597.83 acres (1,366.2 km2)",779147,38.2,-109.93,https://www.alltrails.com/parks/us/utah/canyonlands-national-park,https://www.nps.gov/media/photo/collection-item.htm?pg=7323739&cid=305fb7af-a71b-469b-941e-a98b439c882f&id=49148eb2-baad-4ae1-b862-49f696e41fb2&sid=75eb2aa9-37f8-49b0-a9bc-8f75d8e933c1&p=1&sort=relevance,Park Map
Capitol Reef,"Famous for its white sandstone domes, cliffs, and ancient petroglyphs. Ideal for remote camping and hiking. The park's Waterpocket Fold is a 100-mile (160 km) monocline that exhibits the earth's diverse geologic layers. Other natural features include monoliths, eroded buttes, and sandstone domes, including one shaped like the United States Capitol.[26]","38.20,-111.17","December 18, 1971","241,904.50 acres (979.0 km2)",1227608,38.2,-111.17,https://www.alltrails.com/parks/us/utah/capitol-reef-national-park,https://www.nps.gov/media/photo/collection-item.htm?pg=7323739&cid=305fb7af-a71b-469b-941e-a98b439c882f&id=21ef0a46-5097-4859-9acb-ec9d2c308358&sid=3a0c4914-2256-4498-902a-f4b01a2bc5ae&p=1&sort=relevance,Park Map
Carlsbad Caverns,"Features over 119 caves formed by sulfuric acid dissolution. Offers guided tours and camping nearby. Carlsbad Caverns has 117 caves, the longest of which is over 120 miles (190 km) long. The Big Room is almost 4,000 feet (1,200 m) long, and the caves are home to over 400,000 Mexican free-tailed bats and sixteen other species. Above ground are the Chihuahuan Desert and Rattlesnake Springs.[27] (WHS)[28]","32.17,-104.44","May 14, 1930","46,766.45 acres (189.3 km2)",390932,32.17,-104.44,https://www.alltrails.com/parks/us/new-mexico/carlsbad-caverns-national-park,https://www.nps.gov/media/photo/collection-item.htm?pg=7323739&cid=305fb7af-a71b-469b-941e-a98b439c882f&id=e6e19d73-fae6-4968-8c44-331dd9378ab2&sid=b207c9e4-139e-49e0-a271-b97692575485&p=1&sort=relevance,Park Map
Channel Islands,"Located off the California coast, with sea caves, unique wildlife, and island camping options. Five of the eight Channel Islands are protected, with half of the park's area underwater. The islands have a unique Mediterranean ecosystem originally settled by the Chumash people. They are home to over 2,000 species of land plants and animals, 145 endemic to them, including the island fox. Ferry services offer transportation to the islands from the mainland.[29] (BR)[30]","34.01,-119.42","March 5, 1980","249,561.00 acres (1,009.9 km2)",323245,34.01,-119.42,https://www.alltrails.com/parks/us/california/channel-islands-national-park,https://www.nps.gov/media/photo/collection-item.htm?pg=7323739&cid=305fb7af-a71b-469b-941e-a98b439c882f&id=08a73c40-c1ef-4ce9-9a36-03688678bd92&sid=3145e9b1-1702-4d2f-85b0-64ed3fc8de9b&p=1&sort=relevance,Park Map
Congaree,"The largest intact expanse of old-growth bottomland hardwood forest in the U.S. Ideal for kayaking, canoeing, and hiking. On the Congaree River, this park is the largest portion of old-growth floodplain forest left in North America. Some of the trees are the tallest in the eastern United States. An elevated walkway called the Boardwalk Loop guides visitors through the swamp.[31] (BR)[32]","33.78,-80.78","November 10, 2003","26,692.60 acres (108.0 km2)",204522,33.78,-80.78,https://www.alltrails.com/parks/us/south-carolina/congaree-national-park,https://www.nps.gov/media/photo/collection-item.htm?pg=7323739&cid=305fb7af-a71b-469b-941e-a98b439c882f&id=30f2efb0-2dbd-4a61-bdfd-e18cb41cda1d&sid=ed1900da-95c3-41fb-a78f-2a6aa0a826fb&p=1&sort=relevance,Park Map
Crater Lake,"Known for its deep, clear blue lake inside a caldera. Offers challenging trails and camping in serene settings. Crater Lake lies in the caldera of an ancient volcano called Mount Mazama that collapsed 7,700 years ago. The lake is the deepest in the United States and is noted for its vivid blue color and water clarity. Wizard Island and the Phantom Ship are more recent volcanic formations within the caldera. As the lake has no inlets or outlets, it is replenished only by precipitation.[33]","42.94,-122.1","May 22, 1902","183,224.05 acres (741.5 km2)",527259,42.94,-122.1,https://www.alltrails.com/parks/us/oregon/crater-lake-national-park,https://www.nps.gov/media/photo/collection-item.htm?pg=7323739&cid=305fb7af-a71b-469b-941e-a98b439c882f&id=207bace8-c27a-4a9c-b1c2-9239778b6d2d&sid=c818cc1a-fae5-4749-8c2f-413f6e832f45&p=1&sort=relevance,Park Map
Cuyahoga Valley,"Lush forested trails, waterfalls, and historical sites. Popular for hiking, biking, and birdwatching. This park along the Cuyahoga River has waterfalls, hills, trails, and exhibits on early rural living. The Ohio and Erie Canal Towpath Trail follows the Ohio and Erie Canal, where mules towed canal boats. The park has numerous historic homes, bridges, and structures,[34] and also offers a scenic train ride.[35]","41.24,-81.55","October 11, 2000","32,571.89 acres (131.8 km2)",2913312,41.24,-81.55,https://www.alltrails.com/parks/us/ohio/cuyahoga-valley-national-park,https://www.nps.gov/media/photo/collection-item.htm?pg=7323739&cid=305fb7af-a71b-469b-941e-a98b439c882f&id=b33bd45b-7e9a-4e4c-91f4-59594f0be686&sid=e7c2eb87-835e-4254-9eac-52ebca02aca8&p=1&sort=relevance,Park Map
Death Valley,"Home to the lowest and hottest point in North America, with desert vistas and unique rock formations. Death Valley is the hottest, lowest, and driest place in the United States, with daytime temperatures that have exceeded 130 °F (54 °C). The park protects Badwater Basin and its vast salt flats at the lowest elevation in North America, −282 ft (−86 m),[36] This geologic graben also protects numerous canyons, badlands, sand dunes, mountain ranges, historic mines, springs, and more than 1,000 species of plants that grow.[37] (BR)[38]","36.24,-116.82","October 31, 1994","3,408,395.63 acres (13,793.3 km2)",1128862,36.24,-116.82,https://www.alltrails.com/parks/us/california/death-valley-national-park,https://www.nps.gov/media/photo/collection-item.htm?pg=7323739&cid=305fb7af-a71b-469b-941e-a98b439c882f&id=a5bcc3bf-7a8b-409d-88cc-3490c7866551&sid=88d71596-26ed-41d9-894d-af0cae633f88&p=1&sort=relevance,Park Map
Denali,"Known for Mount Denali, North America's highest peak, with extensive backcountry options. Centered on Denali, the tallest and most prominent mountain in North America, the park is serviced by a single road leading to Wonder Lake, most of which can only be accessed via scheduled tour buses. Denali and other peaks of the Alaska Range are covered with long glaciers and boreal forest. Wildlife includes grizzly bears, Dall sheep, moose, caribou, and wolves.[39] (BR)[40]","63.33,-150.50","February 26, 1917","4,740,911.16 acres (19,185.8 km2)",427562,63.33,-150.5,https://www.alltrails.com/parks/us/alaska/denali-national-park,https://www.nps.gov/media/photo/collection-item.htm?pg=7323739&cid=305fb7af-a71b-469b-941e-a98b439c882f&id=0ad819c9-157f-4dc8-af40-a9de3755a0f6&sid=8993673c-d3a6-4b83-8c9c-88b14764c192&p=1&sort=relevance,Park Map
Dry Tortugas,"Remote island park with coral reefs, historic Fort Jefferson, and excellent snorkeling and kayaking. The islands of the Dry Tortugas, at the westernmost end of the Florida Keys, are the site of Fort Jefferson, a Civil War-era fort that is the largest masonry structure in the Americas. The park is home to undisturbed coral reefs and shipwrecks, and is only accessible by plane or boat.[41] (BR)[42]","24.63,-82.87","October 26, 1992","64,701.22 acres (261.8 km2)",78488,24.63,-82.87,https://www.alltrails.com/parks/us/florida/dry-tortugas-national-park,https://www.nps.gov/media/photo/collection-item.htm?pg=7323739&cid=305fb7af-a71b-469b-941e-a98b439c882f&id=727a46d8-8e71-4e48-9807-4e4acd93c7c6&sid=c19754ce-fd4d-4d00-acd8-522f99bdf9dd&p=1&sort=relevance,Park Map
Everglades,"Subtropical wilderness with mangroves and marshes. Great for airboat tours, wildlife viewing, and backcountry camping. The Everglades are the largest tropical wilderness in the United States. This mangrove and tropical rainforest ecosystem and marine estuary is home to 36 protected species, including the Florida panther, American crocodile, and West Indian manatee. Some areas have been drained and developed; restoration projects aim to restore the ecology.[43] (WHS)[44] (BR)[42]","25.32,-80.93","May 30, 1934","1,508,938.57 acres (6,106.5 km2)",1155193,25.32,-80.93,https://www.alltrails.com/parks/us/florida/everglades-national-park,https://www.nps.gov/media/photo/collection-item.htm?pg=7323739&cid=305fb7af-a71b-469b-941e-a98b439c882f&id=5238bf1e-d52a-470d-89ef-56b18a95bdd6&sid=51f0a1c9-be0a-42df-a2b2-ea59f003c743&p=1&sort=relevance,Park Map
Gates of the Arctic,"Remote park in Alaska above the Arctic Circle, offering rugged wilderness camping and hiking. The country's northernmost park protects an expanse of pure wilderness in Alaska's Brooks Range and has no park facilities. The land is home to Alaska Natives who have relied on the land and caribou for 11,000 years.[45]","67.78,-153.30","December 2, 1980","7,523,897.45 acres (30,448.1 km2)",9457,67.78,-153.3,https://www.alltrails.com/parks/us/alaska/gates-of-the-arctic-national-park,https://www.nps.gov/media/photo/collection-item.htm?pg=7323739&cid=305fb7af-a71b-469b-941e-a98b439c882f&id=3617ecaa-71e3-4e27-a90e-b3cd74d4172f&sid=4bf6cc53-fea4-4a5a-b885-f048bcd184f7&p=1&sort=relevance,Park Map
Gateway Arch,"Memorializes westward expansion. Short trails are available, with scenic views of the Mississippi River. The Gateway Arch is a 630-foot (192 m) (both high and wide) catenary arch built in the 1960s to commemorate the Lewis and Clark Expedition, initiated by Thomas Jefferson, and the subsequent westward expansion of the country. The nearby Old Courthouse, across a greenway to the west of the arch, was the original site of the landmark Dred Scott case about slavery. An underground museum describes the arch's construction and the country's westward expansion.[47]","38.63,-90.19","February 22, 2018[46]",192.83 acres (0.8 km2),1618774,38.63,-90.19,https://www.alltrails.com/parks/us/missouri/gateway-arch-national-park,https://www.nps.gov/media/photo/collection-item.htm?pg=7323739&cid=305fb7af-a71b-469b-941e-a98b439c882f&id=4f0374c2-bb11-4748-aa12-8a55aa1eb43a&sid=8cb0ce13-4876-40fc-8940-6e3cf8d677d2&p=1&sort=relevance,Park Map
Glacier,"Alpine scenery with rugged mountains, pristine lakes, and the famous Going-to-the-Sun Road. The U.S. half of Waterton-Glacier International Peace Park, this park includes 26 rapidly receding glaciers and 130 named lakes surrounded by Rocky Mountain peaks. Historic hotels and the landmark Going-to-the-Sun Road accommodate visitors.[48] The local mountains, formed by an overthrust, expose Paleozoic fossils including trilobites, mollusks, giant ferns and dinosaurs. The park is also home to Triple Divide Peak, which forms the boundary between the watersheds of the Atlantic, Pacific, and Arctic Oceans.[49] (WHS)[50] (BR)[51]","48.80,-114.00","May 11, 1910","1,013,126.39 acres (4,100.0 km2)",2908458,48.8,-114.0,https://www.alltrails.com/parks/us/montana/glacier-national-park,https://www.nps.gov/media/photo/collection-item.htm?pg=7323739&cid=305fb7af-a71b-469b-941e-a98b439c882f&id=9fe2fe28-43af-4574-8dde-2555a2657aca&sid=b261f7eb-69ad-4be3-b8e9-89a3f6943e5e&p=1&sort=relevance,Park Map
Glacier Bay,"Home to tidewater glaciers and fjords, accessible by boat. Ideal for kayaking and scenic camping. Glacier Bay contains tidewater glaciers, mountains, fjords, and a temperate rainforest, and is home to large populations of grizzly bears, mountain goats, whales, seals, and eagles. When discovered in 1794 by George Vancouver, the entire bay was covered by ice, but the glaciers have since receded more than 65 miles (105 km).[52] (WHS)[53] (BR)[54]","58.50,-137.00","December 2, 1980","3,223,383.43 acres (13,044.6 km2)",545758,58.5,-137.0,https://www.alltrails.com/parks/us/alaska/glacier-bay-national-park,https://www.nps.gov/media/photo/collection-item.htm?pg=7323739&cid=305fb7af-a71b-469b-941e-a98b439c882f&id=78ae37a8-e3b9-4494-bc6e-36672b2659fa&sid=269e3a37-9010-4d34-ae03-31a0160741e1&p=1&sort=relevance,Park Map
Grand Canyon,"Massive canyon with stunning views and hiking trails like the Bright Angel Trail. The Grand Canyon, carved by the mighty Colorado River, is 277 miles (446 km) long, up to 1 mile (1.6 km) deep, and up to 15 miles (24 km) wide. Millions of years of erosion have resulted in a massive three-tiered canyon, exposing the multicolored layers of the Colorado Plateau in mesas and canyon walls, visible from trails that descend into the canyon from the north and south rims.[55] (WHS)[56]","36.06,-112.14","February 26, 1919","1,201,647.03 acres (4,862.9 km2)",4732101,36.06,-112.14,https://www.alltrails.com/parks/us/arizona/grand-canyon-national-park,https://www.nps.gov/media/photo/collection-item.htm?pg=7323739&cid=305fb7af-a71b-469b-941e-a98b439c882f&id=4f2c94ce-953a-4099-afae-49b7565484f4&sid=65d0a3c2-45e0-40f3-be06-fa89fbf489c9&p=1&sort=relevance,Park Map
Grand Teton,"Dramatic mountain scenery with diverse trails, lake views, and excellent backcountry camping. Grand Teton is the tallest mountain in the scenic Teton Range. The park's historic Jackson Hole and reflective piedmont lakes teem with endemic wildlife, with a backdrop of craggy mountains that rise abruptly from the sage-covered valley below.[57] (BR)[7]","43.73,-110.80","February 26, 1929","310,044.36 acres (1,254.7 km2)",2806223,43.73,-110.8,https://www.alltrails.com/parks/us/wyoming/grand-teton-national-park,https://www.nps.gov/media/photo/collection-item.htm?pg=7323739&cid=305fb7af-a71b-469b-941e-a98b439c882f&id=9f35789f-3f7d-447b-9fe7-cb4914e0b6e1&sid=375d897c-449e-4f11-bb64-cb6f9c41130a&p=1&sort=relevance,Park Map
Great Basin,"High-desert landscapes, caves, and alpine trails, including the Wheeler Peak summit trail. Based around Nevada's second tallest mountain, Wheeler Peak, Great Basin National Park protects 5,000-year-old bristlecone pines, a rock glacier, and the limestone Lehman Caves. Due to its remote location, the park is home to some of the country's darkest night skies. Wildlife includes the Townsend's big-eared bat, pronghorn, and Bonneville cutthroat trout.[58]","38.98,-114.30","October 27, 1986","77,180.00 acres (312.3 km2)",142115,38.98,-114.3,https://www.alltrails.com/parks/us/nevada/great-basin-national-park,https://www.nps.gov/media/photo/collection-item.htm?pg=7323739&cid=305fb7af-a71b-469b-941e-a98b439c882f&id=007eacbe-782f-4e20-b8d0-0f68c8f8e307&sid=83641050-adb8-4d1f-b117-30ea702d82e2&p=1&sort=relevance,Park Map
Great Sand Dunes,"Tallest dunes in North America, with scenic trails and backcountry camping. Ideal for sandboarding and stargazing. The tallest sand dunes in North America, up to 750 feet (230 m) tall, were formed by deposits of the ancient Rio Grande in the San Luis Valley. Abutting a variety of grasslands, shrublands, and wetlands, the park also features alpine lakes, six 13,000-foot mountains, and old-growth forests.[59]","37.73,-105.51","September 24, 2004","107,345.73 acres (434.4 km2)",493428,37.73,-105.51,https://www.alltrails.com/parks/us/colorado/great-sand-dunes-national-park,https://www.nps.gov/media/photo/collection-item.htm?pg=7323739&cid=305fb7af-a71b-469b-941e-a98b439c882f&id=1dd33a11-0d4a-41ef-afbe-5f8a9d7bec4a&sid=11eead18-7f6e-4756-827f-a1d6ca39e05f&p=1&sort=relevance,Park Map
Great Smoky Mountains,"Known for misty, forested landscapes, wildflower trails, and historic buildings. Ideal for camping and diverse hiking. The Great Smoky Mountains, part of the Appalachian Mountains, span a wide range of elevations, making them home to over 400 vertebrate species, 100 tree species, and 5,000 plant species. Hiking is the park's main attraction, with over 800 miles (1,300 km) of trails, including 70 miles (110 km) of the Appalachian Trail. Other activities include fishing, horseback riding, and touring nearly 80 historic structures.[60] (WHS)[61] (BR)[62]","35.68,-83.53","June 15, 1934","522,426.88 acres (2,114.2 km2)",12937633,35.68,-83.53,https://www.alltrails.com/parks/us/tennessee/great-smoky-mountains-national-park,https://www.nps.gov/media/photo/collection-item.htm?pg=7323739&cid=305fb7af-a71b-469b-941e-a98b439c882f&id=8410e7f4-0499-4e4e-802f-7bbdfb85b5fa&sid=3e946cf8-27e6-4ea3-94b2-1ceec8223539&p=1&sort=relevance,Park Map
Guadalupe Mountains,"Texas’ highest point, featuring rugged peaks and fossilized reefs. Excellent for remote hiking and camping. This park contains Guadalupe Peak, the highest point in Texas, as well as the scenic McKittrick Canyon filled with bigtooth maples, a corner of the arid Chihuahuan Desert, and a fossilized coral reef from the Permian era.[63]","31.92,-104.87","September 30, 1972","86,367.10 acres (349.5 km2)",219987,31.92,-104.87,https://www.alltrails.com/parks/us/texas/guadalupe-mountains-national-park,https://www.nps.gov/media/photo/collection-item.htm?pg=7323739&cid=305fb7af-a71b-469b-941e-a98b439c882f&id=885d9357-5685-442c-8290-03ba4cd09529&sid=6b503d5d-25b7-44a2-850f-a167fc6b67db&p=1&sort=relevance,Park Map
Haleakalā,"Features volcanic landscapes and panoramic sunrise views. Great for stargazing, hiking, and camping. The Haleakalā volcano on Maui features a very large crater with numerous cinder cones, a grove of non-native trees, the Kipahulu section's scenic pools of freshwater fish, and the endemic Hawaiian goose. The park protects the greatest number of endangered species within a U.S. national park.[64] (BR)[65]","20.72,-156.17","July 1, 1961","33,488.98 acres (135.5 km2)",1087616,20.72,-156.17,https://www.alltrails.com/parks/us/hawaii/haleakala-national-park,https://www.nps.gov/media/photo/collection-item.htm?pg=7323739&cid=305fb7af-a71b-469b-941e-a98b439c882f&id=b70421dc-88c0-4da8-b5a6-409578a6ba73&sid=57aeb9f6-24ee-42e4-b03a-2bf20e0f25c1&p=1&sort=relevance,Park Map
Hawaiʻi Volcanoes,"Active volcanoes, lava fields, and tropical forests. Offers unique hiking and camping experiences. This park on the Big Island protects the Kīlauea and Mauna Loa volcanoes, two of the world's most active geological features. Diverse ecosystems range from tropical forests at sea level to barren lava beds at more than 13,000 feet (4,000 m).[66] (WHS)[67] (BR)[65]","19.38,-155.20","August 1, 1916","344,812.18 acres (1,395.4 km2)",1580961,19.38,-155.2,https://www.alltrails.com/parks/us/hawaii/hawaii-volcanoes-national-park,https://www.nps.gov/media/photo/collection-item.htm?pg=7323739&cid=305fb7af-a71b-469b-941e-a98b439c882f&id=910dd491-61ff-4b9a-90c5-76e96c7f0872&sid=da96a415-0950-447f-9eab-514d5fa90406&p=1&sort=relevance,Park Map
Hot Springs,"Known for its historic bathhouses and hot springs, with forested trails nearby. Hot Springs was originally established by Congress as a federal reserve on April 20, 1832, making it the oldest area managed by the National Park Service. Natural thermal springs flow out of the Ouachita Mountains, providing opportunities for relaxation in a historic setting. Bathhouse Row preserves examples of 19th-century architecture.[68] Hot Springs is the first national park within a city and was the smallest national park until 2018.[69]","34.51,-93.05","March 4, 1921","5,554.15 acres (22.5 km2)",2646133,34.51,-93.05,https://www.alltrails.com/parks/us/arkansas/hot-springs-national-park,https://www.nps.gov/media/photo/collection-item.htm?pg=7323739&cid=305fb7af-a71b-469b-941e-a98b439c882f&id=739704d3-a980-417e-8bf6-acb3af735f97&sid=5c17139f-a8c6-455f-b413-e4302f4233d8&p=1&sort=relevance,Park Map
Indiana Dunes,"Beaches and sand dunes on Lake Michigan, with diverse trails and birdwatching. Previously designated a national lakeshore, parts of this 20-mile (32 km) stretch of the southern shore of Lake Michigan have sandy beaches and tall dunes. The park includes grassy prairies, peat bogs, and marsh wetlands home to over 2,000 species.[70]","41.6533,-87.0524","February 15, 2019","15,349.08 acres (62.1 km2)",2834180,41.6533,-87.0524,https://www.alltrails.com/parks/us/indiana/indiana-dunes-national-park,https://www.nps.gov/media/photo/collection-item.htm?pg=7323739&cid=305fb7af-a71b-469b-941e-a98b439c882f&id=eb29d4bb-8e29-4a88-9963-04d1b4d92d36&sid=f4526acb-9fe6-4b36-97b1-016e39f838f7&p=1&sort=relevance,Park Map
Isle Royale,"Remote island park on Lake Superior, accessible by ferry. Ideal for backcountry camping and kayaking. The largest island in Lake Superior is a place of isolation and wilderness. Along with its many shipwrecks, waterways, and hiking trails, the park also includes over 400 smaller islands within 4.5 miles (7.2 km) of its shores. There are only 20 mammal species on the island, though the relationship between its wolf and moose populations is especially unique.[71] (BR)[72]","48.10,-88.55","April 3, 1940","571,790.30 acres (2,314.0 km2)",25454,48.1,-88.55,https://www.alltrails.com/parks/us/michigan/isle-royale-national-park,https://www.nps.gov/media/photo/collection-item.htm?pg=7323739&cid=305fb7af-a71b-469b-941e-a98b439c882f&id=04c7d59d-3a6d-44e7-aa70-850cbbe00b85&sid=7999c7a0-c03a-4818-9e2a-77c9b2056b96&p=1&sort=relevance,Park Map
Joshua Tree,"Distinct desert landscapes and iconic Joshua trees, with scenic rock formations for climbing and camping. Covering large areas of the Colorado and Mojave Deserts and the Little San Bernardino Mountains, this desert landscape is populated by vast stands of Joshua trees. Large changes in elevation reveal various contrasting environments including bleached sand dunes, dry lakes, rugged mountains, and maze-like clusters of monzogranite monoliths.[73] (BR)[38]","33.79,-115.90","October 31, 1994","795,155.85 acres (3,217.9 km2)",3058294,33.79,-115.9,https://www.alltrails.com/parks/us/california/joshua-tree-national-park,https://www.nps.gov/media/photo/collection-item.htm?pg=7323739&cid=305fb7af-a71b-469b-941e-a98b439c882f&id=ea25e28b-aa66-41a1-93eb-f9801fdab78a&sid=f771c9f0-78dc-424e-999a-a3dbcf75f6c0&p=1&sort=relevance,Park Map
Katmai,"Known for brown bear viewing and volcanic landscapes. Accessible by floatplane. This park on the Alaska Peninsula protects the Valley of Ten Thousand Smokes, an ash flow formed by the 1912 eruption of Novarupta, and the stratovolcano Mount Katmai. Over 2,000 grizzly bears come here each year to catch spawning salmon. Other wildlife includes caribou, wolves, moose, and wolverines.[74]","58.50,-155.00","December 2, 1980","3,674,529.33 acres (14,870.3 km2)",33908,58.5,-155.0,https://www.alltrails.com/parks/us/alaska/katmai-national-park,https://www.nps.gov/media/photo/collection-item.htm?pg=7323739&cid=305fb7af-a71b-469b-941e-a98b439c882f&id=e2856dec-a502-4d6b-8ce7-a59010009df3&sid=2f468cdc-d858-4018-aa78-28ef989a0a01&p=1&sort=relevance,Park Map
Kenai Fjords,"Coastal park with glaciers, fjords, and wildlife. Popular for kayaking and boat tours. Near Seward on the Kenai Peninsula, this park protects the Harding Icefield and at least 38 glaciers and fjords stemming from it. The only area accessible to the public by road is the rapidly shrinking Exit Glacier. Boat and kayak tours offer views of tidewater glaciers, whales, sea lions, and marine birds.[75]","59.92,-149.65","December 2, 1980","669,650.05 acres (2,710.0 km2)",389943,59.92,-149.65,https://www.alltrails.com/parks/us/alaska/kenai-fjords-national-park,https://www.nps.gov/media/photo/collection-item.htm?pg=7323739&cid=305fb7af-a71b-469b-941e-a98b439c882f&id=baeb9d79-7a90-4669-9bfb-f491afef6e99&sid=6c045bfd-262b-48e1-8ce8-d265ee212abb&p=1&sort=relevance,Park Map
Kings Canyon,"Deep valleys, giant sequoias, and high mountain trails. Great for backpacking and camping. Home to several giant sequoia groves and the General Grant Tree, the world's second largest measured tree, this park also features part of the Kings River, sculptor of the dramatic granite canyon that is its namesake, and the San Joaquin River, as well as Boyden Cave.[76] Although Kings Canyon National Park was designated as such in 1940, it subsumed General Grant National Park, which had been established on October 1, 1890, as the United States' fourth national park.[77][78][79] (BR)[80]","36.80,-118.55","March 4, 1940","461,901.20 acres (1,869.2 km2)",640986,36.8,-118.55,https://www.alltrails.com/parks/us/california/kings-canyon-national-park,https://www.nps.gov/media/photo/collection-item.htm?pg=7323739&cid=305fb7af-a71b-469b-941e-a98b439c882f&id=dd2e2a37-1ec5-4f86-939c-4d37d9136657&sid=37e091db-7d71-4936-8ba4-795ed36ca738&p=1&sort=relevance,Park Map
Kobuk Valley,"Remote Alaskan wilderness, known for its sand dunes and caribou migrations. Kobuk Valley protects 61 miles (98 km) of the Kobuk River and three regions of sand dunes. Created by glaciers, the Great Kobuk, Little Kobuk, and Hunt River Sand Dunes can reach 100 feet (30 m) high and 100 °F (38 °C), and they are the largest dunes in the Arctic. Twice a year, half a million caribou migrate through the dunes and across river bluffs that expose well-preserved ice age fossils.[81]","67.55,-159.28","December 2, 1980","1,750,716.16 acres (7,084.9 km2)",16925,67.55,-159.28,https://www.alltrails.com/parks/us/alaska/kobuk-valley-national-park,https://www.nps.gov/media/photo/collection-item.htm?pg=7323739&cid=305fb7af-a71b-469b-941e-a98b439c882f&id=1d89e532-8c68-4e5b-bd4e-c786081f27fb&sid=ccc2837c-3b7c-4485-ac86-066a87735d6a&p=1&sort=relevance,Park Map
Lake Clark,"Features volcanoes, waterfalls, and diverse ecosystems, with excellent fishing and camping options. The region around Lake Clark features four active volcanoes, including Mount Redoubt, as well as an abundance of rivers, glaciers, and waterfalls. Temperate rainforests, a tundra plateau, and three mountain ranges complete the landscape.[82]","60.97,-153.42","December 2, 1980","2,619,816.49 acres (10,602.0 km2)",18187,60.97,-153.42,https://www.alltrails.com/parks/us/alaska/lake-clark-national-park,https://www.nps.gov/media/photo/collection-item.htm?pg=7323739&cid=305fb7af-a71b-469b-941e-a98b439c882f&id=8a7173c5-c0f0-4655-b842-a50cbabd8727&sid=3df441a0-626f-4c5f-ac76-425763a587e5&p=1&sort=relevance,Park Map
Lassen Volcanic,"Geothermal features, including hot springs, mud pots, and volcanic peaks. Great for hiking and camping. Lassen Peak, the largest lava dome volcano in the world, is joined by all three other types of volcanoes in this park: shield, cinder cone, and composite. Though Lassen itself last erupted in 1915, most of the rest of the park is continuously active. Numerous hydrothermal features, including fumaroles, boiling pools, and bubbling mud pots, are heated by molten rock from beneath the peak.[83]","40.49,-121.51","August 9, 1916","106,589.02 acres (431.4 km2)",446291,40.49,-121.51,https://www.alltrails.com/parks/us/california/lassen-volcanic-national-park,https://www.nps.gov/media/photo/collection-item.htm?pg=7323739&cid=305fb7af-a71b-469b-941e-a98b439c882f&id=f678c479-177a-46dc-8f50-8f18b9701538&sid=b50de5f0-ad6a-4dec-b800-dafcf9b90996&p=1&sort=relevance,Park Map
Mammoth Cave,"The world's longest cave system, with guided tours and scenic trails above ground. With more than 400 miles (640 km) of passageways explored, Mammoth Cave is the world's longest known cave system. Subterranean wildlife includes eight bat species, Kentucky cave shrimp, Northern cavefish, and cave salamanders. Above ground, the park provides recreation on the Green River, 70 miles of hiking trails, and plenty of sinkholes and springs.[84] (WHS)[85] (BR)[86]","37.18,-86.10","July 1, 1941","72,472.87 acres (293.3 km2)",663147,37.18,-86.1,https://www.alltrails.com/parks/us/kentucky/mammoth-cave-national-park,https://www.nps.gov/media/photo/collection-item.htm?pg=7323739&cid=305fb7af-a71b-469b-941e-a98b439c882f&id=b04c5c0e-fe2e-4830-b99b-ef953e9796f0&sid=148e51da-494e-413a-b502-5b08bb556560&p=1&sort=relevance,Park Map
Mesa Verde,"Preserves Ancestral Puebloan cliff dwellings. Offers hikes to historic sites and scenic overlooks. This area constitutes over 4,000 archaeological sites of the Ancestral Puebloan people, who lived here and elsewhere in the Four Corners region for at least 700 years. Cliff dwellings built in the 12th and 13th centuries include Cliff Palace, which has 150 rooms and 23 kivas, and the Balcony House, with its many passages and tunnels.[87] (WHS)[88]","37.18,-108.49","June 29, 1906","52,485.17 acres (212.4 km2)",499790,37.18,-108.49,https://www.alltrails.com/parks/us/colorado/mesa-verde-national-park,https://www.nps.gov/media/photo/collection-item.htm?pg=7323739&cid=305fb7af-a71b-469b-941e-a98b439c882f&id=e80aa16e-e64f-479d-a000-a4c19d19bb87&sid=1c77fcc4-9f53-48f6-9b92-2d49e6496702&p=1&sort=relevance,Park Map
Mount Rainier,"Known for its snow-capped volcano and wildflower meadows. Offers diverse trails and alpine camping. Mount Rainier, an active stratovolcano, is the most prominent peak in the Cascades and is covered by 26 named glaciers including Carbon Glacier and Emmons Glacier, the longest and largest in the contiguous United States respectively. The mountain is popular for climbing, and more than half of the park is covered by subalpine and alpine forests and meadows seasonally in bloom with wildflowers. Paradise on the south slope is among the snowiest places on Earth.[89] The Longmire visitor center is the start of the Wonderland Trail, which encircles the mountain.[90]","46.85,-121.75","March 2, 1899","236,381.64 acres (956.6 km2)",1622395,46.85,-121.75,https://www.alltrails.com/parks/us/washington/mount-rainier-national-park,https://www.nps.gov/media/photo/collection-item.htm?pg=7323739&cid=305fb7af-a71b-469b-941e-a98b439c882f&id=fc0ae667-02bc-4613-9fd3-403aad3c33cc&sid=1482a476-e07d-452b-b1fd-be71a761a0de&p=1&sort=relevance,Park Map
New River Gorge,"Known for whitewater rafting, scenic trails, and rock climbing on sandstone cliffs. The New River Gorge is the deepest river gorge east of the Mississippi River. The park primarily covers the lower gorge area around the New River Gorge Bridge, which features some of the country's best whitewater rafting. Smaller noncontiguous sections showcase the ghost town of Thurmond, the scenic Grandview vista, and Sandstone Falls. The other 65,165 acres (263.71 km2) of the redesignated national river is now a national preserve, spanning 53 mi (85 km) of the New River.[92][93]","38.07,-81.08","December 27, 2020","7,021 acres (28.4 km2)[91]",1593523,38.07,-81.08,https://www.alltrails.com/parks/us/west-virginia/new-river-gorge-national-park-and-preserve,https://www.nps.gov/media/photo/collection-item.htm?pg=7323739&cid=305fb7af-a71b-469b-941e-a98b439c882f&id=c50bdefa-05fe-4e26-a554-66ad6b118ddd&sid=fc870e39-3d71-4bd5-ab15-ba89aa1b623a&p=1&sort=relevance,Park Map
North Cascades,"Remote mountain range with pristine alpine scenery, glaciers, and rugged hiking trails. The highly glaciated mountains of the North Cascades Range exhibit a spectacular and complex geologic history. Between the river valleys and high peaks there are eight diverse life zones with 75 mammal and 1,600 vascular plant species. Popular hiking and climbing areas of the Stephen Mather Wilderness include Cascade Pass, Mount Shuksan, Mount Triumph, and Eldorado Peak. Ross Lake and Lake Chelan National Recreation Areas adjoin the two segments of the park and are all administered together.[94]","48.70,-121.20","October 2, 1968","504,780.94 acres (2,042.8 km2)",30154,48.7,-121.2,https://www.alltrails.com/parks/us/washington/north-cascades-national-park,https://www.nps.gov/media/photo/collection-item.htm?pg=7323739&cid=305fb7af-a71b-469b-941e-a98b439c882f&id=0bce42a6-7aca-4193-8c8a-617f898da42a&sid=ec623cbd-2787-48fa-b669-e54d73f176ff&p=1&sort=relevance,Park Map
Olympic,"Diverse ecosystems with rainforest, mountains, and coastline. Great for hiking and beach camping. This park on the Olympic Peninsula includes a wide range of ecosystems from Pacific shoreline to temperate rainforests to the glaciated alpine peaks of the Olympic Mountains, the tallest of which is Mount Olympus. The Hoh and Quinault Rainforests are the wettest areas in the contiguous United States, with the Hoh receiving an average of almost 12 ft (3.7 m) of rain every year.[95][96] (WHS)[97] (BR)[98]","47.97,-123.50","June 29, 1938","922,649.41 acres (3,733.8 km2)",2432972,47.97,-123.5,https://www.alltrails.com/parks/us/washington/olympic-national-park,https://www.nps.gov/media/photo/collection-item.htm?pg=7323739&cid=305fb7af-a71b-469b-941e-a98b439c882f&id=d8dcb91a-4eba-467d-861f-16cf66c69272&sid=c7b9c029-7d5e-43f2-8902-3efc7cbb49b6&p=1&sort=relevance,Park Map
Petrified Forest,Desert landscape featuring fossilized wood and colorful rock layers. Offers scenic hikes and camping nearby. This portion of the Chinle Formation has a large concentration of 225-million-year-old petrified wood. The surrounding Painted Desert features eroded cliffs of red-hued volcanic rock called bentonite. Dinosaur fossils and over 350 Native American sites are also protected in this park.[99],"35.07,-109.78","December 9, 1962","221,390.21 acres (895.9 km2)",505209,35.07,-109.78,https://www.alltrails.com/parks/us/arizona/petrified-forest-national-park,https://www.nps.gov/media/photo/collection-item.htm?pg=7323739&cid=305fb7af-a71b-469b-941e-a98b439c882f&id=fbbdcfeb-ea75-4b7d-b352-434e3f91439c&sid=ab05a1cb-2d77-4074-903e-c4afba7b4531&p=1&sort=relevance,Park Map
Pinnacles,"Rock formations, talus caves, and scenic trails. Known for rock climbing and backcountry camping. Named for the eroded leftovers of a portion of an extinct volcano, the park's massive black and gold monoliths of andesite and rhyolite are a popular destination for rock climbers. Hikers have access to trails crossing the Coast Range wilderness. The park is one of the few locations where the endangered California condor can be seen in the wild. Pinnacles also supports a dense population of prairie falcons and more than 13 species of bat that populate its talus caves.[100]","36.48,-121.16","January 10, 2013","26,685.73 acres (108.0 km2)",275023,36.48,-121.16,https://www.alltrails.com/parks/us/california/pinnacles-national-park,https://www.nps.gov/media/photo/collection-item.htm?pg=7323739&cid=305fb7af-a71b-469b-941e-a98b439c882f&id=245fbfaa-5bec-4d6e-a251-edac22cddb47&sid=81125f92-60b7-4e61-83ec-fccdee855218&p=1&sort=relevance,Park Map
Redwood,"Ancient coastal redwoods, lush forests, and scenic ocean views. Great for hiking and camping among towering trees. This park and the co-managed state parks protect almost half of all remaining coastal redwoods, the tallest trees on earth. There are three large river systems in this very seismically active area, and 37 miles (60 km) of protected coastline reveal tide pools and seastacks. The prairie, estuary, coast, river, and forest ecosystems contain a wide variety of animal and plant species.[101] (WHS)[102]","41.30,-124.00","October 2, 1968","138,999.37 acres (562.5 km2)",458400,41.3,-124.0,https://www.alltrails.com/parks/us/california/redwood-national-park,https://www.nps.gov/media/photo/collection-item.htm?pg=7323739&cid=305fb7af-a71b-469b-941e-a98b439c882f&id=d8e193ab-a456-4534-bde4-04c5f71429d6&sid=2cf52d31-e288-4b70-ae1c-4a8973b65aed&p=1&sort=relevance,Park Map
Rocky Mountain,"Known for its towering peaks, alpine lakes, and the scenic Trail Ridge Road. Bisected north to south by the Continental Divide, this portion of the Rockies has ecosystems varying from over 150 riparian lakes to montane and subalpine forests to treeless alpine tundra. Wildlife including elk, moose, mule deer, bighorn sheep, black bears, and cougars inhabit its igneous mountains and glacial valleys. Longs Peak, a classic Colorado fourteener, and the scenic Bear Lake are popular destinations, as well as the historic Trail Ridge Road, which reaches an elevation of more than 12,000 feet (3,700 m).[103] (BR)[104]","40.40,-105.58","January 26, 1915","265,847.74 acres (1,075.8 km2)",4300424,40.4,-105.58,https://www.alltrails.com/parks/us/colorado/rocky-mountain-national-park,https://www.nps.gov/media/photo/collection-item.htm?pg=7323739&cid=305fb7af-a71b-469b-941e-a98b439c882f&id=4bc081d5-6c1f-4666-a865-128f68703615&sid=ea76ab53-0c4f-44d6-9406-cfbde1e3299b&p=1&sort=relevance,Park Map
Saguaro,"Home to giant saguaro cacti and desert landscapes. Offers scenic trails and unique desert camping. Split into the separate Rincon Mountain and Tucson Mountain districts, this park is evidence that the dry Sonoran Desert is still home to a great variety of life spanning six biotic communities. Beyond the namesake giant saguaro cacti, there are barrel cacti, chollas, and prickly pears, as well as lesser long-nosed bats, spotted owls, and javelinas.[105]","32.25,-110.50","October 14, 1994","92,876.75 acres (375.9 km2)",908194,32.25,-110.5,https://www.alltrails.com/parks/us/arizona/saguaro-national-park,https://www.nps.gov/media/photo/collection-item.htm?pg=7323739&cid=305fb7af-a71b-469b-941e-a98b439c882f&id=706ef799-bd6f-4fff-bda4-7c9d05581be8&sid=c9eb629b-c105-4990-9eb3-13a9afc23f43&p=1&sort=relevance | https://www.nps.gov/media/photo/collection-item.htm?pg=7323739&cid=305fb7af-a71b-469b-941e-a98b439c882f&id=896a5b98-90e0-4902-adf4-3ec8c3bab200&sid=c9eb629b-c105-4990-9eb3-13a9afc23f43&p=1&sort=relevance,Multiple Park Maps
Sequoia,"Home to giant sequoia trees, deep valleys, and alpine scenery. Great for hiking and scenic camping. This park protects the Giant Forest, which boasts some of the world's largest trees, the General Sherman being the largest measured tree in the park. Other features include over 240 caves, a long segment of the Sierra Nevada including the tallest mountain in the contiguous United States, and Moro Rock, a large granite dome.[106] (BR)[80]","36.43,-118.68","September 25, 1890","404,062.63 acres (1,635.2 km2)",1153198,36.43,-118.68,https://www.alltrails.com/parks/us/california/sequoia-national-park,https://www.nps.gov/media/photo/collection-item.htm?pg=7323739&cid=305fb7af-a71b-469b-941e-a98b439c882f&id=dd2e2a37-1ec5-4f86-939c-4d37d9136657&sid=8558dd8e-8331-4886-a32c-39a4f1a7f996&p=1&sort=relevance,Park Map
Shenandoah,"Blue Ridge Mountains with scenic vistas and waterfalls, ideal for camping and hiking on the Appalachian Trail. Shenandoah's Blue Ridge Mountains are covered by hardwood forests that teem with a wide variety of wildlife. The Skyline Drive and Appalachian Trail run the entire length of this narrow park, along with more than 500 miles (800 km) of hiking trails passing scenic overlooks and cataracts of the Shenandoah River.[107]","38.53,-78.35","December 26, 1935","200,445.92 acres (811.2 km2)",1449300,38.53,-78.35,https://www.alltrails.com/parks/us/virginia/shenandoah-national-park,https://www.nps.gov/media/photo/collection-item.htm?pg=7323739&cid=305fb7af-a71b-469b-941e-a98b439c882f&id=eefb165e-1c50-4cee-82ce-7fa63aa675cb&sid=bbfb0de4-febf-482f-b695-566f4fce339c&p=1&sort=relevance,Park Map
Theodore Roosevelt,"Named after the conservationist president, with rugged badlands, wildlife, and scenic drives. This region that enticed and influenced President Theodore Roosevelt consists of a park of three units in the northern badlands. Besides Roosevelt's historic cabin, there are numerous scenic drives and backcountry hiking opportunities. Wildlife includes American bison, pronghorn, bighorn sheep, and wild horses.[108]","46.97,-103.45","November 10, 1978","70,446.89 acres (285.1 km2)",668679,46.97,-103.45,https://www.alltrails.com/parks/us/north-dakota/theodore-roosevelt-national-park,https://www.nps.gov/media/photo/collection-item.htm?pg=7323739&cid=305fb7af-a71b-469b-941e-a98b439c882f&id=5f169c66-049e-4f55-8070-2b9c551c9e91&sid=ed2c9696-62ae-439c-8fff-0eeb0755d78a&p=1&sort=relevance | https://www.nps.gov/media/photo/collection-item.htm?pg=7323739&cid=305fb7af-a71b-469b-941e-a98b439c882f&id=0b9717f0-8f0b-490c-8af8-2f240995d5d5&sid=ed2c9696-62ae-439c-8fff-0eeb0755d78a&p=1&sort=relevance | https://www.nps.gov/media/photo/collection-item.htm?pg=7323739&cid=305fb7af-a71b-469b-941e-a98b439c882f&id=e0d2ec38-2e99-4094-85ef-9a324c4ef861&sid=ed2c9696-62ae-439c-8fff-0eeb0755d78a&p=1&sort=relevance,Multiple Park Maps
Virgin Islands,"Tropical beaches, coral reefs, and clear waters. Excellent for snorkeling, kayaking, and beach camping. This island park on Saint John preserves pristine beaches surrounded by mangrove forests, seagrass beds, and coral reefs. It also has Taíno archaeological sites and the ruins of sugar plantations from Columbus's time.[109]","18.33,-64.73","August 2, 1956","15,052.33 acres (60.9 km2)",196752,18.33,-64.73,https://www.alltrails.com/parks/us-virgin-islands/virgin-islands-national-park,https://www.nps.gov/media/photo/collection-item.htm?pg=7323739&cid=305fb7af-a71b-469b-941e-a98b439c882f&id=b30ea551-542f-40d0-a0dd-dacdd716f61c&sid=d5675249-faee-4893-8539-0c4127c67fec&p=1&sort=relevance,Park Map
Voyageurs,"Known for interconnected waterways, ideal for canoeing, kayaking, and island camping. This park protecting four lakes near the Canada–US border is a site for canoeing, kayaking, and fishing. The park also preserves a history populated by Ojibwe Native Americans, French fur traders called voyageurs, and gold miners. Formed by glaciers, the region features tall bluffs, rock gardens, islands, bays, and several historic buildings.[110]","48.50,-92.88","April 8, 1975","218,222.35 acres (883.1 km2)",221434,48.5,-92.88,https://www.alltrails.com/parks/us/minnesota/voyageurs-national-park,https://www.nps.gov/media/photo/collection-item.htm?pg=7323739&cid=305fb7af-a71b-469b-941e-a98b439c882f&id=04a21afb-ad47-4ae9-a196-925699d75640&sid=b958ffb9-3498-4006-af8f-429e8160f687&p=1&sort=relevance,Park Map
White Sands,"Largest gypsum dune field in the world, ideal for dune hiking, sand sledding, and stargazing. Located in the mountain-ringed Tularosa Basin, White Sands consists of the southern part of a 275-square-mile (710 km2) field of white sand dunes composed of gypsum crystals—the world's largest gypsum dunefield. The park is completely within the White Sands Missile Range and is subject to closure when tests are conducted.[112]","32.78,-106.17","December 20, 2019[111]","146,344.31 acres (592.2 km2)",705127,32.78,-106.17,https://www.alltrails.com/parks/us/new-mexico/white-sands-national-park,https://www.nps.gov/media/photo/collection-item.htm?pg=7323739&cid=305fb7af-a71b-469b-941e-a98b439c882f&id=1da1a6be-0621-4ac2-a69a-73305158dca2&sid=abd1f4c8-a7ca-4c58-83ee-82a2d653576d&p=1&sort=relevance,Park Map
Wind Cave,"Known for its unique boxwork cave formations and scenic hiking trails above ground. Wind Cave is distinctive for its calcite fin formations called boxwork, a unique formation rarely found elsewhere, and needle-like growths called frostwork. It is one of the longest caves in the world and creates a wind as air pressure changes. Above ground is a mixed-grass prairie with animals such as bison, black-footed ferrets, and prairie dogs and ponderosa pine forests home to cougars and elk.[113] The cave is culturally significant to the Lakota people as a creation site.[114]","43.57,-103.48","January 9, 1903","33,970.84 acres (137.5 km2)",607418,43.57,-103.48,https://www.alltrails.com/parks/us/south-dakota/wind-cave-national-park,https://www.nps.gov/media/photo/collection-item.htm?pg=7323739&cid=305fb7af-a71b-469b-941e-a98b439c882f&id=b36e6786-5888-4dbc-905a-5bc895d46346&sid=9d8d162d-f15c-45fa-9c37-13a7bf5d2c4d&p=1&sort=relevance,Park Map
Wrangell–St. Elias,"Largest U.S. national park, with glaciers, rugged mountains, and remote wilderness camping. The largest national park in the system protects the convergence of the Alaska, Chugach, Wrangell, and Saint Elias Ranges, which include many of the continent's tallest mountains and volcanoes, including the 18,008-foot Mount Saint Elias. More than a quarter of the park is covered with glaciers, including the tidewater Hubbard Glacier, piedmont Malaspina Glacier, and valley Nabesna Glacier.[115] (WHS)[53]","61.00,-142.00","December 2, 1980","8,323,146.48 acres (33,682.6 km2)",65236,61.0,-142.0,https://www.alltrails.com/parks/us/alaska/wrangell-st-elias-national-park-preserve,https://www.nps.gov/media/photo/collection-item.htm?pg=7323739&cid=305fb7af-a71b-469b-941e-a98b439c882f&id=43237bf4-4d5b-4e69-84f4-8e9e10e7bca2&sid=b8cab70c-adbe-48ef-8723-ef0a4c2e8810&p=1&sort=relevance,Park Map
Yellowstone,"First national park, known for its geothermal features like Old Faithful and diverse wildlife. Situated on the Yellowstone Caldera, the park has an expansive network of geothermal areas including boiling mud pots, vividly colored hot springs such as Grand Prismatic Spring, and regularly erupting geysers, the best-known being Old Faithful. The yellow-hued Grand Canyon of the Yellowstone River contains several high waterfalls, and four mountain ranges traverse the park. More than 60 mammal species including timber wolves, grizzly bears, black bears, lynxes, bison, and elk make this park one of the best wildlife viewing spots in the country.[116] (WHS)[117] (BR)[118]","44.60,-110.50","March 1, 1872","2,219,790.71 acres (8,983.2 km2)",3290242,44.6,-110.5,https://www.alltrails.com/parks/us/wyoming/yellowstone-national-park,https://www.nps.gov/media/photo/collection-item.htm?pg=7323739&cid=305fb7af-a71b-469b-941e-a98b439c882f&id=dc30085e-3713-4a8f-856b-19ac1c566066&sid=9fafd61e-8128-475f-bb36-02f1bcb63c93&p=1&sort=relevance,Park Map
Yosemite,"Renowned for its granite cliffs, waterfalls, and giant sequoias. Popular for climbing, hiking, and camping. Yosemite features sheer granite cliffs, exceptionally tall waterfalls, and old-growth forests at a unique intersection of geology and hydrology. Half Dome and El Capitan rise from the park's centerpiece, the glacier-carved Yosemite Valley, and from its vertical walls drop Yosemite Falls, one of North America's tallest waterfalls at 2,425 feet (739 m) high. Three giant sequoia groves, along with a pristine wilderness in the heart of the Sierra Nevada, are home to a wide variety of rare plant and animal species.[119] (WHS)[120]","37.83,-119.50","October 1, 1890","761,747.50 acres (3,082.7 km2)",3667550,37.83,-119.5,https://www.alltrails.com/parks/us/california/yosemite-national-park,https://www.nps.gov/media/photo/collection-item.htm?pg=7323739&cid=305fb7af-a71b-469b-941e-a98b439c882f&id=c51f64fd-51dc-400e-b562-d02789c95933&sid=72ac2be9-bc64-4248-b383-7fa251c57e5f&p=1&sort=relevance,Park Map
Zion,"Steep canyon walls, diverse hiking trails, and the famous Narrows slot canyon hike. Ideal for camping and exploration. Located at the junction of the Colorado Plateau, Great Basin, and Mojave Desert, this park contains sandstone features such as mesas, rock towers, and canyons, including the Virgin River Narrows. The various sandstone formations and the forks of the Virgin River create a wilderness divided into four ecosystems: desert, riparian, woodland, and coniferous forest.[121]","37.30,-113.05","November 19, 1919","147,242.66 acres (595.9 km2)",4692417,37.3,-113.05,https://www.alltrails.com/parks/us/utah/zion-national-park,https://www.nps.gov/media/photo/collection-item.htm?pg=7323739&cid=305fb7af-a71b-469b-941e-a98b439c882f&id=7b9188c0-d895-4d8c-acd2-e7df9a911c15&sid=a132afac-aaf3-41a0-9904-f2daf5189264&p=1&sort=relevance,Park Map
